date_key,rows_in,new_hospitals,new_versions,closed,reopened,type1_updates,facts
2019-03-04,4784,4784,0,0,0,0,4784
2019-04-04,4772,6,0,18,0,0,4772
2019-07-31,5334,581,102,19,0,174,5334
2019-10-31,5344,33,79,23,0,112,5344
2020-01-04,5339,46,81,57,6,140,5339
2020-05-01,5326,12,53,26,1,548,5326
2020-07-04,5320,4,0,16,6,16,5320
2020-10-16,5314,10,0,16,0,63,5314
2021-01-27,5324,31,0,25,4,39,5324
2021-03-31,5324,0,0,0,0,0,5324
2021-04-28,5382,52,134,10,16,574,5382
2021-07-21,5336,10,21,56,0,417,5336
2021-10-27,5325,4,29,16,1,98,5325
2022-01-06,5306,14,33,33,0,261,5306
2022-04-06,5306,0,0,0,0,0,5306
2022-07-06,5299,7,30,15,1,51,5299
2022-10-06,5307,21,37,13,0,104,5307
2023-01-06,5317,15,51,5,0,152,5317
2023-04-06,5317,14,96,14,0,135,5317
2023-07-06,5446,139,0,10,0,1,5446
2023-10-06,5446,0,0,0,0,0,5446
2023-11-06,5439,6,0,13,0,1,5439
2024-01-31,5425,11,32,25,0,69,5425
2024-04-24,5425,9,77,9,0,109,5425
2024-07-31,5398,23,44,53,3,91,5398
2024-10-30,5394,20,28,25,1,42,5394
2025-02-19,5396,24,37,23,1,55,5396
2025-04-30,5384,10,32,22,0,265,5384
2025-08-14,5381,17,43,20,0,93,5381
2025-11-26,5421,55,25,15,0,46,5421
2026-02-25,5426,17,52,14,2,88,5426
2026-05-13,5432,22,42,16,0,63,5432
2026-08-13,5419,13,50,26,0,59,5419
