date_key,hospitals,rated,rural_emergency,va,mean_rating
2019-03-04,4784,3724,0,0,3.08
2019-04-04,4772,3715,0,0,3.08
2019-07-31,5334,3703,0,0,3.08
2019-10-31,5344,3698,0,0,3.08
2020-01-04,5339,3578,0,0,3.22
2020-05-01,5326,3576,0,0,3.22
2020-07-04,5320,3571,0,0,3.22
2020-10-16,5314,3560,0,0,3.22
2021-01-27,5324,3551,0,0,3.22
2021-03-31,5324,3551,0,0,3.22
2021-04-28,5382,3339,0,0,3.24
2021-07-21,5336,3330,0,0,3.24
2021-10-27,5325,3320,0,0,3.24
2022-01-06,5306,3310,0,0,3.25
2022-04-06,5306,3310,0,0,3.25
2022-07-06,5299,3094,0,0,3.22
2022-10-06,5307,3096,0,0,3.22
2023-01-06,5317,3094,0,0,3.22
2023-04-06,5317,3088,0,0,3.22
2023-07-06,5446,3061,0,137,3.2
2023-10-06,5446,3061,0,137,3.2
2023-11-06,5439,3056,0,137,3.2
2024-01-31,5425,3042,0,137,3.2
2024-04-24,5425,3042,0,137,3.2
2024-07-31,5398,2834,0,134,3.14
2024-10-30,5394,2826,0,132,3.13
2025-02-19,5396,2823,0,132,3.14
2025-04-30,5384,2812,0,132,3.14
2025-08-14,5381,2872,0,132,3.08
2025-11-26,5421,2869,38,132,3.08
2026-02-25,5426,2866,39,132,3.08
2026-05-13,5432,3182,41,132,3.21
2026-08-13,5419,3174,43,132,3.21
