old_facility_id,new_facility_id,rule,old_name,new_name,city,state
010102,010781,"same city, names share at least half their words",J PAUL JONES HOSPITAL,J PAUL JONES HOSPITAL,CAMDEN,AL
010175,010780,"same city, names share at least half their words",EAMC - LANIER,EAMC - LANIER,VALLEY,AL
010032,011306,"same city, names share at least half their words",TANNER MEDICAL CENTER-EAST ALABAMA,TANNER MEDICAL CENTER-EAST ALABAMA,WEDOWEE,AL
040162,041333,"same city, names share at least half their words",SEVIER COUNTY MEDICAL CENTER,SEVIER COUNTY MEDICAL CENTER,DE QUEEN,AR
041314,040783,"same city, names share at least half their words","DEWITT HOSPITAL & NURSING HOME, INC","DEWITT HOSPITAL & NURSING HOME, INC",DE WITT,AR
041304,040780,"same city, names share at least half their words",EUREKA SPRINGS HOSPITAL COMMISSION,EUREKA SPRINGS HOSPITAL COMMISSION,EUREKA SPRINGS,AR
040085,040781,"same city, names share at least half their words",HELENA REGIONAL MEDICAL CENTER,HELENA REGIONAL MEDICAL CENTER,HELENA,AR
040015,041334,"same city, names share at least half their words",MENA REGIONAL HEALTH SYSTEM,MENA REGIONAL HEALTH SYSTEM,MENA,AR
040163,041332,"same city, names share at least half their words",UNITY HEALTH NEWPORT,UNITY HEALTH - NEWPORT,NEWPORT,AR
041316,040782,"same city, names share at least half their words",SOUTH MISSISSISSPI COUNTY REGIONAL MEDICAL CENTER,SOUTH MISSISSIPPI COUNTY REGIONAL MEDICAL CENTER,OSCEOLA,AR
040047,040779,"same city, names share at least half their words",FIVE RIVERS MEDICAL CENTER,ST BERNARDS FIVE RIVERS MEDICAL CENTER,POCAHONTAS,AR
030033,031318,"same city, names share at least half their words",BANNER PAYSON MEDICAL CENTER,BANNER PAYSON MEDICAL CENTER,PAYSON,AZ
030077,031320,"same city, names share at least half their words",SAN CARLOS APACHE HEALTHCARE CORP,SAN CARLOS APACHE HEALTHCARE CORPORATION,PERIDOT,AZ
030068,031319,"same city, names share at least half their words",MT. GRAHAM REGIONAL MEDICAL CENTER,MT. GRAHAM REGIONAL MEDICAL CENTER,SAFFORD,AZ
050423,051339,"same city, names share at least half their words",PALO VERDE HOSPITAL,PALO VERDE HOSPITAL,BLYTHE,CA
050296,051337,"same city, names share at least half their words",HAZEL HAWKINS MEMORIAL HOSPITAL,HAZEL HAWKINS MEMORIAL HOSPITAL,HOLLISTER,CA
050849,05027F,"same city, names share at least half their words",COMMUNITY HOSPITAL LONG BEACH,VA LONG BEACH HEALTHCARE SYSTEM,LONG BEACH,CA
070039,074016,"same city, names share at least half their words",MASONICARE HEALTH CENTER HOSPITAL,MASONICARE HEALTH CENTER,WALLINGFORD,CT
100048,101315,"same city, names share at least half their words",JAY HOSPITAL,JAY HOSPITAL,JAY,FL
100106,101314,"same city, names share at least half their words",DOCTORS MEMORIAL HOSPITAL INC,DOCTORS MEMORIAL HOSPITAL INC,PERRY,FL
110780,111338,"same city, names share at least half their words",BLUE RIDGE MEDICAL CENTER,BLUE RIDGE MEDICAL CENTER,BLUE RIDGE,GA
110189,110780,"same city, only candidate for a new Rural Emergency Hospital",FANNIN REGIONAL HOSPITAL,BLUE RIDGE MEDICAL CENTER,BLUE RIDGE,GA
110026,111337,"same city, names share at least half their words",ELBERT MEMORIAL HOSPITAL,ELBERT MEMORIAL HOSPITAL,ELBERTON,GA
110781,110256,"same city, names share at least half their words",TAYLOR REGIONAL HOSPITAL,TAYLOR REGIONAL HOSPITAL,HAWKINSVILLE,GA
110135,110781,"same city, names share at least half their words",TAYLOR REGIONAL HOSPITAL,TAYLOR REGIONAL HOSPITAL,HAWKINSVILLE,GA
110130,110779,"same city, names share at least half their words",IRWIN COUNTY HOSPITAL,IRWIN COUNTY HOSPITAL,OCILLA,GA
160005,161382,"same city, names share at least half their words",ST ANTHONY REGIONAL HOSPITAL & NURSING HOME,ST ANTHONY REGIONAL HOSPITAL & NURSING HOME,CARROLL,IA
131308,130779,"same city, names share at least half their words",CASCADE MEDICAL CENTER,CASCADE MEDICAL CENTER,CASCADE,ID
140147,141355,"same city, names share at least half their words",CARLE RICHLAND MEMORIAL HOSPITAL,CARLE RICHLAND MEMORIAL HOSPITAL,OLNEY,IL
140019,141354,"same city, names share at least half their words",HSHS GOOD SHEPHERD HOSPITAL INC,HSHS GOOD SHEPHERD HOSPITAL INC,SHELBYVILLE,IL
140167,141353,"same city, names share at least half their words",IROQUOIS MEMORIAL HOSPITAL,IROQUOIS MEMORIAL HOSPITAL,WATSEKA,IL
140033,144042,"same city, names share at least half their words",LAKE BEHAVIORAL HOSPITAL,LAKE BEHAVIORAL HOSPITAL,WAUKEGAN,IL
170150,170779,"same city, only candidate for a new Rural Emergency Hospital",SOUTH CENTRAL KS  MED CENTER,SCK HEALTH,ARKANSAS CITY,KS
171342,170781,"same city, names share at least half their words",RUSH COUNTY MEMORIAL HOSPITAL,RUSH COUNTY MEMORIAL HOSPITAL,LA CROSSE,KS
170075,170780,"same city, names share at least half their words","MERCY HOSPITAL, INC","MERCY HOSPITAL, INC",MOUNDRIDGE,KS
170110,171388,"same city, names share at least half their words",BOB WILSON MEMORIAL GRANT COUNTY HOSPITAL,BOB WILSON MEMORIAL HOSPITAL,ULYSSES,KS
180106,181333,"same city, names share at least half their words",THE MEDICAL CENTER AT ALBANY,THE MEDICAL CENTER AT ALBANY,ALBANY,KY
181332,180780,"same city, names share at least half their words",FLEMING COUNTY HOSPITAL,FLEMING COUNTY HOSPITAL,FLEMINGSBURG,KY
180053,181332,"same city, names share at least half their words",FLEMING COUNTY HOSPITAL,FLEMING COUNTY HOSPITAL,FLEMINGSBURG,KY
180139,181334,"same city, names share at least half their words",KENTUCKY RIVER MEDICAL CENTER,KENTUCKY RIVER MEDICAL CENTER,JACKSON,KY
180095,180779,"same city, names share at least half their words",CRITTENDEN COMMUNITY HOSPITAL,CRITTENDEN COMMUNITY HOSPITAL,MARION,KY
191303,190779,"same city, names share at least half their words",ASSUMPTION COMMUNITY HOSPITAL,ASSUMPTION COMMUNITY HOSPITAL,NAPOLEONVILLE,LA
190081,191327,"same city, names share at least half their words",WEST CARROLL MEMORIAL HOSPITAL,WEST CARROLL MEMORIAL HOSPITAL,OAK GROVE,LA
230118,231340,"same city, names share at least half their words",MCLAREN THUMB REGION,MCLAREN THUMB REGION,BAD AXE,MI
230013,234048,"same city, names share at least half their words",PONTIAC GENERAL HOSPITAL,PONTIAC GENERAL HOSPITAL,PONTIAC,MI
230096,230779,"same city, names share at least half their words",STURGIS HOSPITAL,STURGIS HOSPITAL,STURGIS,MI
241300,240779,"same city, names share at least half their words",MAHNOMEN HEALTH CENTER,MAHNOMEN HEALTH CENTER,MAHNOMEN,MN
261315,260779,"same city, names share at least half their words",PARKLAND HEALTH CENTER - BONNE TERRE,PARKLAND HEALTH CENTER - BONNE TERRE,BONNE TERRE,MO
260050,261340,"same city, names share at least half their words",MOSAIC MEDICAL CENTER - MARYVILLE,MOSAIC MEDICAL CENTER - MARYVILLE,MARYVILLE,MO
250128,250781,"same city, names share at least half their words",PANOLA MEDICAL CENTER,PANOLA MEDICAL CENTER,BATESVILLE,MS
250060,250780,"same city, names share at least half their words",JEFFERSON COUNTY HOSPITAL,JEFFERSON COUNTY HOSPITAL,FAYETTE,MS
251329,250782,"same city, names share at least half their words",GREENE COUNTY HOSPITAL CAH,GREENE COUNTY HOSPITAL,LEAKESVILLE,MS
250163,250786,"same city, only candidate for a new Rural Emergency Hospital",PATIENTS CHOICE MEDICAL CTR OF SMITH COUNTY ( VT ),SMITH COUNTY  EMERGENCY HOSPITAL,RALEIGH,MS
251306,250783,"same city, names share at least half their words",PERRY COUNTY GENERAL HOSPITAL,PERRY COUNTY GENERAL HOSPITAL,RICHTON,MS
251338,250784,"same city, names share at least half their words",SHARKEY ISSAQUENA COMMUNITY HOSPITAL,SHARKEY ISSAQUENA COMMUNITY HOSPITAL,ROLLING FORK,MS
270089,271389,"same city, names share at least half their words",BIG SKY MEDICAL CENTER,BOZEMAN HEALTH BIG SKY MEDICAL CENTER,BIG SKY,MT
270032,271348,"same city, names share at least half their words",NORTHERN MONTANA HOSPITAL,NORTHERN MONTANA HOSPITAL,HAVRE,MT
281330,280779,"same city, names share at least half their words",FRIEND COMMUNITY HEALTHCARE SYSTEM,FRIEND COMMUNITY HEALTHCARE SYSTEM,FRIEND,NE
320038,321313,"same city, names share at least half their words",REHOBOTH MCKINLEY CHRISTIAN HEALTH CARE SERVICES,REHOBOTH MCKINLEY CHRISTIAN HEALTH CARE SERVICES,GALLUP,NM
320003,321312,"same city, names share at least half their words",ALTA VISTA REGIONAL HOSPITAL,ALTA VISTA REGIONAL HOSPITAL,LAS VEGAS,NM
320067,320779,"same city, names share at least half their words",GUADALUPE COUNTY HOSPITAL,GUADALUPE COUNTY HOSPITAL,SANTA ROSA,NM
320016,321311,"same city, names share at least half their words",GILA REGIONAL MEDICAL CENTER,GILA REGIONAL MEDICAL CENTER,SILVER CITY,NM
330144,330800,"same city, names share at least half their words",IRA DAVENPORT MEMORIAL HOSPITAL,IRA DAVENPORT MEMORIAL HOSPITAL,BATH,NY
330268,331320,"same city, names share at least half their words",COBLESKILL REGIONAL HOSPITAL,COBLESKILL REGIONAL HOSPITAL,COBLESKILL,NY
330084,331321,"same city, names share at least half their words",THE UNIVERSITY OF VERMONT HEALTH NETWORK-ALICE HY,THE UNIVERSITY OF VERMONT HEALTH NETWORK-ALICE HY,MALONE,NY
330223,331322,"same city, names share at least half their words","SLHS MASSENA, INC","SLHS MASSENA, INC",MASSENA,NY
330211,334068,"same city, names share at least half their words",CLAXTON-HEPBURN MEDICAL CENTER,CLAXTON-HEPBURN MEDICAL CENTER,OGDENSBURG,NY
331307,330799,"same city, names share at least half their words",CLIFTON-FINE HOSPITAL,CLIFTON-FINE HOSPITAL,STAR LAKE,NY
360373,363309,"same city, names share at least half their words","NATIONWIDE CHILDRENÂS HOSPITAL TOLEDO, LLC","NATIONWIDE CHILDREN'S HOSPITAL TOLEDO, LLC",TOLEDO,OH
370080,371341,"same city, names share at least half their words",SHARE MEDICAL CENTER,SHARE MEDICAL CENTER,ALVA,OK
370030,370780,"same city, names share at least half their words",STILLWATER MEDICAL-BLACKWELL,STILLWATER MEDICAL-BLACKWELL,BLACKWELL,OK
371324,370781,"same city, names share at least half their words",HARPER COUNTY COMMUNITY HOSPITAL,HARPER COUNTY COMMUNITY HOSPITAL,BUFFALO,OK
370029,370784,"same city, names share at least half their words",ALLIANCEHEALTH CLINTON,CLINTON REGIONAL HOSPITAL,CLINTON,OK
370153,370783,"same city, names share at least half their words",ELKVIEW GENERAL HOSPITAL,ELKVIEW GENERAL HOSPITAL,HOBART,OK
370048,371342,"same city, names share at least half their words",MCCURTAIN MEMORIAL HOSPITAL,MCCURTAIN MEMORIAL HOSPITAL,IDABEL,OK
370139,370779,"same city, names share at least half their words",STILLWATER MEDICAL - PERRY,STILLWATER MEDICAL - PERRY,PERRY,OK
390072,394058,"same city, names share at least half their words",BERWICK HOSPITAL CENTER,BERWICK HOSPITAL CENTER,BERWICK,PA
390130,391317,"same city, names share at least half their words",CONEMAUGH MINERS MEDICAL CENTER,CONEMAUGH MINERS MEDICAL CENTER,HASTINGS,PA
390104,391318,"same city, names share at least half their words",UPMC KANE,UPMC KANE,KANE,PA
390194,390335,"same city, names share at least half their words",ST LUKE'S HOSPITAL - LEHIGHTON,ST LUKE'S HOSPITAL - CARBON CAMPUS,LEHIGHTON,PA
400140,400141,"same city, names share at least half their words",CENTRO MEDICO DEL NORESTE,CENTRO MEDICO DEL NORESTE,FAJARDO,PR
430083,431383,"same city, names share at least half their words",PHS INDIAN HOSPITAL AT EAGLE BUTTE,EAGLE BUTTE INDIAN HEALTH SERVICE HOSPITAL,EAGLE BUTTE,SD
430013,431340,"same city, names share at least half their words",AVERA QUEEN OF PEACE,AVERA QUEEN OF PEACE,MITCHELL,SD
431317,430779,"same city, only candidate for a new Rural Emergency Hospital",LANDMANN-JUNGMAN MEMORIAL HOSPITAL - CAH,LANDMANN JUNGMAN MEMORIAL HOSPITAL CORPORATION,SCOTLAND,SD
441311,440779,"same city, names share at least half their words",TRISTAR ASHLAND CITY MEDICAL CENTER,TRISTAR ASHLAND CITY MEDICAL CENTER,ASHLAND CITY,TN
440235,441323,"same city, names share at least half their words",BIG SOUTH FORK MEDICAL CENTER,BIG SOUTH FORK MEDICAL CENTER,ONEIDA,TN
440010,440780,"same city, names share at least half their words",WAYNE MEDICAL CENTER,WAYNE MEDICAL CENTER,WAYNESBORO,TN
450078,670781,"same city, names share at least half their words",ANSON GENERAL HOSPITAL,ANSON GENERAL HOSPITAL,ANSON,TX
450498,671302,"same city, names share at least half their words",STEPHENS MEMORIAL HOSPITAL,STEPHENS MEMORIAL HOSPITAL,BRECKENRIDGE,TX
450578,671301,"same city, names share at least half their words",HEMPHILL COUNTY HOSPITAL,HEMPHILL COUNTY HOSPITAL,CANADIAN,TX
670126,451393,"same city, names share at least half their words",CROCKETT MEDICAL CENTER,CROCKETT MEDICAL CENTER,CROCKETT,TX
451345,670779,"same city, names share at least half their words",CROSBYTON CLINIC HOSPITAL,CROSBYTON CLINIC HOSPITAL,CROSBYTON,TX
450411,671303,"same city, names share at least half their words",EASTLAND MEMORIAL HOSPITAL,EASTLAND MEMORIAL HOSPITAL,EASTLAND,TX
450085,671300,"same city, names share at least half their words",GRAHAM REGIONAL MEDICAL CENTER,GRAHAM REGIONAL MEDICAL CENTER,GRAHAM,TX
450754,451392,"same city, names share at least half their words",HAMILTON GENERAL HOSPITAL,HAMILTON GENERAL HOSPITAL,HAMILTON,TX
450348,670780,"same city, names share at least half their words",FALLS COMMUNITY HOSPITAL AND CLINIC,FALLS COMMUNITY HOSPITAL AND CLINIC,MARLIN,TX
450099,451398,"same city, names share at least half their words",PAMPA REGIONAL MEDICAL CENTER,PAMPA REGIONAL MEDICAL CENTER,PAMPA,TX
451360,670783,"same city, names share at least half their words",CHI ST LUKES HEALTH MEMORIAL SAN AUGUSTINE,CHI ST LUKES HEALTH MEMORIAL SAN AUGUSTINE,SAN AUGUSTINE,TX
450586,451399,"same city, names share at least half their words",SEYMOUR HOSPITAL,SEYMOUR HOSPITAL,SEYMOUR,TX
450143,671304,"same city, names share at least half their words",ASCENSION SETON SMITHVILLE,ASCENSION SETON SMITHVILLE,SMITHVILLE,TX
510082,511322,"same city, names share at least half their words",SUMMERSVILLE REGIONAL MEDICAL CENTER,SUMMERSVILLE REGIONAL MEDICAL CENTER,SUMMERSVILLE,WV
530032,531319,"same city, names share at least half their words",EVANSTON REGIONAL HOSPITAL,EVANSTON REGIONAL HOSPITAL,EVANSTON,WY
530011,531318,"same city, names share at least half their words",MEMORIAL HOSPITAL SWEETWATER COUNTY,MEMORIAL HOSPITAL SWEETWATER COUNTY,ROCK SPRINGS,WY
530037,531317,"same city, names share at least half their words",NORTH PLATTE VALLEY MEDICAL CENTER,NORTH PLATTE VALLEY MEDICAL CENTER,SARATOGA,WY
